pos_x,pos_y
233.3350067138672,-384.7093811035156
232.03623962402344,-383.77783203125
230.74404907226562,-382.85174560546875
229.46484375,-381.9351806640625
228.201904296875,-381.0304870605469
226.95533752441406,-380.1374206542969
225.72232055664062,-379.2539978027344
224.49900817871094,-378.37725830078125
223.2811737060547,-377.5040283203125
222.0654296875,-376.6321716308594
220.84962463378906,-375.760009765625
219.632568359375,-374.88690185546875
218.4139862060547,-374.0126037597656
217.1939239501953,-373.13739013671875
215.97268676757812,-372.26141357421875
214.75050354003906,-371.3849792480469
213.52757263183594,-370.5081787109375
212.3040008544922,-369.63116455078125
211.07997131347656,-368.7540283203125
209.85562133789062,-367.8768310546875
208.6313018798828,-366.9997253417969
207.40760803222656,-366.12310791015625
206.18556213378906,-365.2475891113281
204.9668731689453,-364.37420654296875
203.75411987304688,-363.5047607421875
200.1292266845703,-360.901611328125
198.90762329101562,-360.0228576660156
197.6854248046875,-359.1431884765625
196.4627227783203,-358.26275634765625
195.23936462402344,-357.3815002441406
194.01565551757812,-356.49957275390625
192.79171752929688,-355.6169738769531
191.56768798828125,-354.73388671875
190.34332275390625,-353.85028076171875
189.118408203125,-352.96612548828125
187.89303588867188,-352.08148193359375
186.6669464111328,-351.1962890625
185.4401397705078,-350.3106384277344
184.21278381347656,-349.4246520996094
182.9848175048828,-348.5384521484375
181.7565460205078,-347.6518859863281
180.52780151367188,-346.7651672363281
179.29872131347656,-345.8780212402344
178.06930541992188,-344.9905090332031
176.83934020996094,-344.1025085449219
175.60894775390625,-343.2142028808594
174.37789916992188,-342.3263244628906
173.1456756591797,-341.439208984375
171.91217041015625,-340.55303955078125
170.6773681640625,-339.667724609375
169.4413604736328,-338.7829895019531
168.20437622070312,-337.89874267578125
166.96646118164062,-337.014892578125
165.7276611328125,-336.13128662109375
164.48789978027344,-335.2481689453125
163.24732971191406,-334.365234375
162.0057830810547,-333.4827575683594
160.76307678222656,-332.6009521484375
159.51918029785156,-331.71990966796875
158.2740020751953,-330.83978271484375
157.02752685546875,-329.9604797363281
155.77996826171875,-329.08221435546875
154.5314483642578,-328.2049865722656
153.28213500976562,-327.3286437988281
152.0321502685547,-326.4531555175781
150.7815704345703,-325.5783386230469
149.53060913085938,-324.7041931152344
148.2796173095703,-323.830810546875
147.02862548828125,-322.9584655761719
145.77792358398438,-322.0871887207031
144.52755737304688,-321.217041015625
143.2775421142578,-320.3482360839844
142.02801513671875,-319.4807434082031
140.77938842773438,-318.6146240234375
139.5321502685547,-317.7501525878906
138.28704833984375,-316.88775634765625
137.04476928710938,-316.02783203125
135.80625915527344,-315.1710510253906
134.57183837890625,-314.317626953125
133.27667236328125,-313.4228515625
131.98587036132812,-312.5318298339844
130.6993408203125,-311.64447021484375
129.41708374023438,-310.76068115234375
128.13931274414062,-309.8802185058594
126.86612701416016,-309.00286865234375
125.5977783203125,-308.1285400390625
124.33426666259766,-307.257080078125
123.07556915283203,-306.3884582519531
121.82164764404297,-305.52276611328125
120.57244110107422,-304.6598205566406
119.32813262939453,-303.7995300292969
118.08876037597656,-302.9416198730469
116.85453033447266,-302.0856628417969
115.56442260742188,-301.1888122558594
114.28036499023438,-300.2936096191406
113.0022964477539,-299.4001159667969
111.7298812866211,-298.5085754394531
110.46263885498047,-297.6197509765625
109.2003402709961,-296.73388671875
107.9429931640625,-295.85089111328125
106.69068145751953,-294.9705810546875
105.4435043334961,-294.09283447265625
104.20166778564453,-293.2170715332031
102.96539306640625,-292.3431396484375
101.73448181152344,-291.4709167480469
100.50752258300781,-290.5993347167969
99.28382110595703,-289.7277526855469
98.0049057006836,-288.8150939941406
96.72834014892578,-287.9028015136719
95.45390319824219,-286.9915771484375
94.18135833740234,-286.0820617675781
92.91061401367188,-285.174560546875
91.64178466796875,-284.26934814453125
90.37503814697266,-283.3665771484375
89.11041259765625,-282.4661865234375
87.8479232788086,-281.5680847167969
86.58724212646484,-280.672119140625
85.32832336425781,-279.77801513671875
84.07131958007812,-278.88604736328125
82.8160171508789,-277.99603271484375
81.56222534179688,-277.107666015625
80.30979919433594,-276.22039794921875
79.05854797363281,-275.333984375
77.80845642089844,-274.4482727050781
76.5595474243164,-273.5631103515625
75.3118667602539,-272.6782531738281
74.06563568115234,-271.7939147949219
72.82086181640625,-270.90948486328125
71.57781982421875,-270.02508544921875
70.33647155761719,-269.14019775390625
69.09735107421875,-268.2544250488281
67.8604965209961,-267.3673095703125
66.62593078613281,-266.47845458984375
65.3932876586914,-265.5874938964844
64.16239929199219,-264.69384765625
62.93342971801758,-263.7966003417969
61.706825256347656,-262.8948974609375
60.483177185058594,-261.98785400390625
59.263221740722656,-261.074462890625
58.04745864868164,-260.15399169921875
56.836326599121094,-259.2259216308594
55.63023376464844,-258.2899475097656
54.429115295410156,-257.3459167480469
53.233314514160156,-256.3932800292969
52.042945861816406,-255.43209838867188
50.85831832885742,-254.4619903564453
49.67966842651367,-253.48275756835938
48.507198333740234,-252.4942626953125
47.34100341796875,-251.4965057373047
46.181217193603516,-250.4893341064453
45.028255462646484,-249.47271728515625
43.8823356628418,-248.44683837890625
42.74351119995117,-247.4116973876953
41.611854553222656,-246.36766052246094
40.48737335205078,-245.3146209716797
39.37060546875,-244.25221252441406
38.26163864135742,-243.18052673339844
37.16085433959961,-242.09938049316406
36.068546295166016,-241.00860595703125
34.98474884033203,-239.9083251953125
33.90968704223633,-238.79867553710938
32.843788146972656,-237.6794891357422
31.7869815826416,-236.5507049560547
30.739343643188477,-235.41262817382812
29.700881958007812,-234.26536560058594
28.672101974487305,-233.10845947265625
27.653324127197266,-231.94189453125
26.64461326599121,-230.7657928466797
25.646060943603516,-229.58001708984375
24.658212661743164,-228.38442993164062
23.680871963500977,-227.17929077148438
22.715347290039062,-225.9635772705078
21.761268615722656,-224.73789978027344
20.819074630737305,-223.50192260742188
19.88922119140625,-222.25559997558594
18.971872329711914,-220.9988250732422
18.066852569580078,-219.731689453125
17.175128936767578,-218.45425415039062
16.297588348388672,-217.1658935546875
15.434977531433105,-215.8660888671875
14.586522102355957,-214.55575561523438
13.751981735229492,-213.23521423339844
12.933789253234863,-211.90321350097656
12.131446838378906,-210.56033325195312
11.345379829406738,-209.20655822753906
10.575400352478027,-207.8424835205078
9.822098731994629,-206.46810913085938
9.08655071258545,-205.08338928222656
8.367324829101562,-203.68899536132812
7.666175365447998,-202.284423828125
6.98127555847168,-200.87049865722656
6.342479228973389,-199.5124053955078
5.71870756149292,-198.14602661132812
5.110473155975342,-196.77178955078125
4.518001079559326,-195.3895263671875
3.9420156478881836,-193.9991912841797
3.382810592651367,-192.60142517089844
2.840221643447876,-191.1961669921875
2.314635992050171,-189.78366088867188
1.8044196367263794,-188.36453247070312
1.3098211288452148,-186.9396514892578
0.8287094235420227,-185.50906372070312
0.35982707142829895,-184.07333374023438
-0.09629788994789124,-182.63243103027344
-0.5388138890266418,-181.18626403808594
-0.9675751328468323,-179.73497009277344
-1.383646011352539,-178.27877807617188
-1.7867151498794556,-176.81797790527344
-2.1771655082702637,-175.35275268554688
-2.5544981956481934,-173.88272094726562
-2.918555498123169,-172.4082794189453
-3.270064353942871,-170.92965698242188
-3.6085081100463867,-169.44659423828125
-3.934156894683838,-167.95941162109375
-4.247688293457031,-166.4688262939453
-4.549654006958008,-164.97503662109375
-4.84056282043457,-163.47816467285156
-5.120792865753174,-161.97857666015625
-5.3902764320373535,-160.4762420654297
-5.648428440093994,-158.97113037109375
-5.895629405975342,-157.46343994140625
-6.132070541381836,-155.95327758789062
-6.357845306396484,-154.44093322753906
-6.573114395141602,-152.92669677734375
-6.7779622077941895,-151.41075134277344
-6.973367691040039,-149.8929901123047
-7.159300804138184,-148.37388610839844
-7.336795330047607,-146.85342407226562
-7.50506067276001,-145.33148193359375
-7.664098262786865,-143.8083953857422
-7.814719200134277,-142.28399658203125
-7.955939769744873,-140.75827026367188
-8.088777542114258,-139.23130798339844
-8.21229076385498,-137.70301818847656
-8.326698303222656,-136.1736297607422
-8.4313383102417,-134.64321899414062
-8.526202201843262,-133.11209106445312
-8.61109447479248,-131.5800323486328
-8.685505867004395,-130.04727172851562
-8.749534606933594,-128.5138702392578
-8.80223274230957,-126.97987365722656
-8.843674659729004,-125.44532775878906
-8.873515129089355,-123.91036987304688
-8.891860008239746,-122.37516784667969
-8.898748397827148,-120.83964538574219
-8.893878936767578,-119.30423736572266
-8.877795219421387,-117.76879119873047
-8.850061416625977,-116.23352813720703
-8.811882019042969,-114.69830322265625
-8.762714385986328,-113.16322326660156
-8.702362060546875,-111.62864685058594
-8.630302429199219,-110.09427642822266
-8.546481132507324,-108.56037902832031
-8.45242691040039,-107.02691650390625
-8.34802532196045,-105.49396514892578
-8.233097076416016,-103.96165466308594
-8.108390808105469,-102.42994689941406
-7.974353313446045,-100.8989486694336
-7.831820487976074,-99.36849975585938
-7.680746555328369,-97.83879089355469
-7.521646499633789,-96.30960845947266
-7.354424476623535,-94.78111267089844
-7.179678440093994,-93.25335693359375
-6.998152256011963,-91.72596740722656
-6.810585021972656,-90.19921875
-6.618472576141357,-88.67292022705078
-6.422597408294678,-87.14672088623047
-6.224147319793701,-85.62068176269531
-6.024051666259766,-84.09461212158203
-5.822844505310059,-82.56832885742188
-5.621185302734375,-81.04181671142578
-5.419921875,-79.51496124267578
-5.220065593719482,-77.98760223388672
-5.022527694702148,-76.45957946777344
-4.827725887298584,-74.93092346191406
-4.636050224304199,-73.40143585205078
-4.447920799255371,-71.87118530273438
-4.263696193695068,-70.34009552001953
-4.083844184875488,-68.80801391601562
-3.9086477756500244,-67.2750015258789
-3.7382471561431885,-65.74109649658203
-3.5729122161865234,-64.20633697509766
-3.4125468730926514,-62.6706657409668
-3.2569644451141357,-61.134029388427734
-3.106377124786377,-59.59661102294922
-2.961660385131836,-58.058292388916016
-2.8238813877105713,-56.51892852783203
-2.6936049461364746,-54.978546142578125
-2.57147216796875,-53.43724060058594
-2.4582839012145996,-51.894859313964844
-2.3544423580169678,-50.351566314697266
-2.259897232055664,-48.80741882324219
-2.1749300956726074,-47.262542724609375
-2.099320411682129,-45.71687698364258
-2.0329010486602783,-44.170658111572266
-1.9755122661590576,-42.62389373779297
-1.9276165962219238,-41.07649230957031
-1.8894575834274292,-39.52871322631836
-1.861199975013733,-37.980464935302734
-1.8435148000717163,-36.43193435668945
-1.8360345363616943,-34.88303756713867
-1.8388925790786743,-33.33405685424805
-1.851938009262085,-31.784976959228516
-1.8753660917282104,-30.235841751098633
-1.9091217517852783,-28.686845779418945
-1.9535154104232788,-27.138051986694336
-2.009390115737915,-25.589550018310547
-2.077113628387451,-24.04169464111328
-2.1566874980926514,-22.494234085083008
-2.2486572265625,-20.94774627685547
-2.3524129390716553,-19.401975631713867
-2.4688196182250977,-17.857290267944336
-2.5975852012634277,-16.31397819519043
-2.739490270614624,-14.771982192993164
-2.8953897953033447,-13.231407165527344
-3.0647895336151123,-11.692172050476074
-3.2483837604522705,-10.154497146606445
-3.4454896450042725,-8.618157386779785
-3.6572728157043457,-7.0836005210876465
-3.883441925048828,-5.551157474517822
-4.1234450340271,-4.020603656768799
-4.377730369567871,-2.492398262023926
-4.645334243774414,-0.9661171436309814
-4.926916122436523,0.5580916404724121
-5.22188138961792,2.0800511837005615
-5.530045986175537,3.59973406791687
-5.851565837860107,5.1170196533203125
-6.185653209686279,6.6321797370910645
-6.532535076141357,8.144906044006348
-6.892188549041748,9.655157089233398
-7.264286041259766,11.163047790527344
-7.64821195602417,12.668440818786621
-8.043340682983398,14.171483993530273
-8.449983596801758,15.67199420928955
-8.867931365966797,17.169687271118164
-9.297072410583496,18.66453742980957
-9.737655639648438,20.156572341918945
-10.189634323120117,21.64562225341797
-10.652840614318848,23.131702423095703
-11.12716007232666,24.614484786987305
-11.612509727478027,26.093849182128906
-12.108979225158691,27.569673538208008
-12.616618156433105,29.041852951049805
-13.135665893554688,30.510395050048828
-13.665735244750977,31.975122451782227
-14.206568717956543,33.4356575012207
-14.758185386657715,34.89232635498047
-15.320734977722168,36.344783782958984
-15.893961906433105,37.79269027709961
-16.478044509887695,39.235877990722656
-17.072914123535156,40.67422866821289
-17.678363800048828,42.107845306396484
-18.294477462768555,43.536502838134766
-18.920976638793945,44.96015930175781
-19.558082580566406,46.37852478027344
-20.205915451049805,47.791160583496094
-20.86452293395996,49.19826126098633
-21.53420639038086,50.599456787109375
-22.214468002319336,51.99484634399414
-22.905208587646484,53.384212493896484
-23.606101989746094,54.767757415771484
-24.317241668701172,56.14521408081055
-25.038103103637695,57.516746520996094
-25.76825523376465,58.88263702392578
-26.507020950317383,60.24311447143555
-27.253936767578125,61.59819793701172
-28.008705139160156,62.948482513427734
-28.771587371826172,64.2930679321289
-29.54175567626953,65.63272857666016
-30.31990623474121,66.96697998046875
-31.105581283569336,68.29644775390625
-31.898595809936523,69.62106323242188
-32.699214935302734,70.94042205810547
-33.50780487060547,72.254150390625
-34.3245735168457,73.56195831298828
-35.14961242675781,74.86393737792969
-35.98313522338867,76.16015625
-36.8249397277832,77.45082092285156
-37.675376892089844,78.73577880859375
-38.534507751464844,80.014892578125
-39.402225494384766,81.28815460205078
-40.2786865234375,82.55545806884766
-41.163856506347656,83.8166275024414
-42.05750274658203,85.07190704345703
-42.95949935913086,86.3213882446289
-43.86972427368164,87.5649185180664
-44.788169860839844,88.80265808105469
-45.71505355834961,90.03423309326172
-46.64998245239258,91.25994873046875
-47.59297180175781,92.47976684570312
-48.54393768310547,93.6937026977539
-49.5027961730957,94.90170288085938
-50.46961212158203,96.10380554199219
-51.444454193115234,97.29962921142578
-52.42720031738281,98.489501953125
-53.41788101196289,99.67347717285156
-54.41584396362305,100.8519287109375
-55.42072677612305,102.0253677368164
-56.43244934082031,103.1938247680664
-57.45048522949219,104.35740661621094
-58.475093841552734,105.51628875732422
-59.50621032714844,106.6703109741211
-60.543399810791016,107.81989288330078
-61.58661651611328,108.96503448486328
-62.63563919067383,110.10578918457031
-63.6903076171875,111.24202728271484
-64.75066375732422,112.37381744384766
-65.81670379638672,113.50093078613281
-66.88813018798828,114.623291015625
-67.9649658203125,115.74089050292969
-69.0470199584961,116.85374450683594
-70.13410949707031,117.96160888671875
-71.2264404296875,119.06440734863281
-72.32411193847656,120.16211700439453
-73.42687225341797,121.25487518310547
-74.5346450805664,122.34261322021484
-75.6474838256836,123.42528533935547
-76.76536560058594,124.50296020507812
-77.88821411132812,125.57557678222656
-79.01573944091797,126.6429672241211
-80.1478271484375,127.70529174804688
-81.2841796875,128.76290893554688
-82.4240493774414,129.81640625
-83.56690979003906,130.8661346435547
-84.71217346191406,131.91265869140625
-85.8591079711914,132.95611572265625
-87.00706481933594,133.99673461914062
-88.15544128417969,135.0339813232422
-89.30269622802734,136.0665283203125
-90.44779205322266,137.09356689453125
-91.59059143066406,138.11517333984375
-92.73075866699219,139.13180541992188
-93.8678207397461,140.143798828125
-95.00146484375,141.15174865722656
-96.1312255859375,142.15623474121094
-97.2568588256836,143.1573944091797
-98.37820434570312,144.155517578125
-99.54817199707031,145.1982421875
-100.7130355834961,146.2381591796875
-101.87240600585938,147.2747039794922
-103.02261352539062,148.3047332763672
-104.1614990234375,149.3270263671875
-105.28868865966797,150.3424835205078
-106.40340423583984,151.35150146484375
-107.554443359375,152.39874267578125
-108.68997955322266,153.43777465820312
-109.80872344970703,154.46754455566406
-110.91033172607422,155.48765563964844
-112.04032897949219,156.54078674316406
-113.14918518066406,157.58120727539062
-114.28153228759766,158.6515655517578
-115.39168548583984,159.70904541015625
-116.48053741455078,160.75526428222656
-117.5926513671875,161.83287048339844
-118.68854522705078,162.90272521972656
-119.77322387695312,163.96946716308594
-120.85981750488281,165.04562377929688
-121.92899322509766,166.11257934570312
-123.02174377441406,167.2115936279297
-124.09593963623047,168.30270385742188
-125.15162658691406,169.3870849609375
-126.22669219970703,170.50502014160156
-127.28366088867188,171.61639404296875
-128.3238067626953,172.72103881835938
-129.35000610351562,173.818603515625
-130.3992462158203,174.9491729736328
-131.4355926513672,176.0753173828125
-132.45819091796875,177.20018005371094
-133.4662322998047,178.32614135742188
-134.45819091796875,179.45498657226562
-135.46539306640625,180.62742614746094
-136.45016479492188,181.80715942382812
-137.4097900390625,182.9962615966797
-138.34317016601562,184.19500732421875
-139.24888610839844,185.40380859375
-140.12403869628906,186.62432861328125
-140.99349975585938,187.89894104003906
-141.82286071777344,189.18885803222656
-142.61122131347656,190.49362182617188
-143.35594177246094,191.8135223388672
-144.05618286132812,193.14732360839844
-144.73260498046875,194.537353515625
-145.359375,195.94029235839844
-145.938232421875,197.3538055419922
-146.4659881591797,198.77749633789062
-146.94175720214844,200.20980834960938
-147.36546325683594,201.64910888671875
-147.74655151367188,203.1391143798828
-148.07298278808594,204.6324920654297
-148.34080505371094,206.12789916992188
-148.55422973632812,207.62294006347656
-148.7099609375,209.11598205566406
-148.8162384033203,210.6497344970703
-148.86282348632812,212.17724609375
-148.8546142578125,213.6962890625
-148.78919982910156,215.20469665527344
-148.6693572998047,216.70074462890625
-148.48886108398438,218.2255859375
-148.2526397705078,219.73321533203125
-147.95843505859375,221.22085571289062
-147.6110382080078,222.6873779296875
-147.19680786132812,224.17135620117188
-146.72947692871094,225.63351440429688
-146.20701599121094,227.07615661621094
-145.63278198242188,228.5001220703125
-145.00515747070312,229.90447998046875
-144.3460235595703,231.25347900390625
-143.64077758789062,232.58724975585938
-142.8905029296875,233.90701293945312
-142.0967559814453,235.21543884277344
-141.25877380371094,236.51144409179688
-140.4005584716797,237.7568817138672
-139.5,238.98838806152344
-138.55543518066406,240.20333862304688
-137.59732055664062,241.36561584472656
-136.5968780517578,242.508544921875
-135.5546875,243.6310272216797
-134.47096252441406,244.73028564453125
-133.3810272216797,245.77108764648438
-132.25364685058594,246.7874298095703
-131.0883331298828,247.7769317626953
-129.88775634765625,248.7410430908203
-128.6905975341797,249.64833068847656
-127.46215057373047,250.52915954589844
-126.2037124633789,251.38369750976562
-124.91604614257812,252.21141052246094
-123.60043334960938,253.01165771484375
-122.25846099853516,253.78517150878906
-120.93721008300781,254.5088653564453
-119.59668731689453,255.21128845214844
-118.23834228515625,255.8927459716797
-116.86351013183594,256.55462646484375
-115.47286987304688,257.1968078613281
-114.06689453125,257.8197326660156
-112.64601135253906,258.42236328125
-111.21050262451172,259.0052185058594
-109.80866241455078,259.5482482910156
-108.39379119873047,260.0721740722656
-106.96636199951172,260.5754699707031
-105.5276870727539,261.0596008300781
-104.07821655273438,261.5239562988281
-102.61962127685547,261.9700622558594
-101.15351867675781,262.39935302734375
-99.68030548095703,262.8116149902344
-98.20117950439453,263.2091064453125
-96.7166748046875,263.5929870605469
-95.22752380371094,263.9653625488281
-93.73468780517578,264.32879638671875
-92.24040222167969,264.68707275390625
-90.74677276611328,265.04302978515625
-89.25523376464844,265.399169921875
-87.76692199707031,265.7582702636719
-86.28255462646484,266.1228332519531
-84.80233764648438,266.4948425292969
-83.32681274414062,266.875732421875
-81.85685729980469,267.26800537109375
-80.39348602294922,267.673583984375
-78.93579864501953,268.0929870605469
-77.48469543457031,268.5274353027344
-76.03898620605469,268.9766540527344
-74.59893035888672,269.4424133300781
-73.16535949707031,269.9245910644531
-71.73939514160156,270.42596435546875
-70.32221221923828,270.9484558105469
-68.9145278930664,271.49188232421875
-67.51634979248047,272.0559997558594
-66.12847137451172,272.6412353515625
-64.75070190429688,273.2465515136719
-63.38316345214844,273.87249755859375
-62.02463150024414,274.517578125
-60.67476272583008,275.1812438964844
-59.333343505859375,275.8630065917969
-58.00041580200195,276.5619201660156
-56.67548751831055,277.2768249511719
-55.358978271484375,278.007568359375
-54.050777435302734,278.75347900390625
-52.751800537109375,279.5158996582031
-51.462501525878906,280.295166015625
-50.18333435058594,281.0916748046875
-48.91493225097656,281.9061279296875
-47.65796661376953,282.7390441894531
-46.4133186340332,283.5910339355469
-45.18154525756836,284.46234130859375
-43.96354293823242,285.353271484375
-42.759498596191406,286.2634582519531
-41.56953430175781,287.19268798828125
-40.394500732421875,288.14117431640625
-39.23408126831055,289.10760498046875
-38.089698791503906,290.093017578125
-36.9603385925293,291.0959777832031
-35.84650421142578,292.1165771484375
-34.74821853637695,293.1540222167969
-33.66594696044922,294.20806884765625
-32.59937286376953,295.2779541015625
-31.549266815185547,296.3631286621094
-30.51481819152832,297.4626159667969
-29.496536254882812,298.5763854980469
-28.4931697845459,299.7038879394531
-27.505998611450195,300.84503173828125
-26.53413963317871,301.99871826171875
-25.578792572021484,303.16510009765625
-24.639366149902344,304.3434143066406
-23.7159423828125,305.5342712402344
-22.808420181274414,306.73675537109375
-21.91699981689453,307.9507141113281
-21.03974151611328,309.1754455566406
-20.178359985351562,310.4110107421875
-19.331884384155273,311.6566162109375
-18.50312042236328,312.91351318359375
-17.687795639038086,314.1790466308594
-16.887544631958008,315.4539489746094
-16.100679397583008,316.7371826171875
-15.32950210571289,318.0317077636719
-14.571553230285645,319.3360595703125
-13.825468063354492,320.6493225097656
-13.09082317352295,321.9707336425781
-12.36689567565918,323.3002624511719
-11.653508186340332,324.63739013671875
-10.950674057006836,325.98223876953125
-10.258659362792969,327.3341064453125
-9.578819274902344,328.6874084472656
-8.911151885986328,330.03790283203125
-8.232026100158691,331.43170166015625
-7.5642266273498535,332.82183837890625
-6.90714693069458,334.2080383300781
-6.2605977058410645,335.59051513671875
-5.6241912841796875,336.9691467285156
-4.998117446899414,338.3439636230469
-4.381936550140381,339.7149353027344
-3.7547898292541504,341.1272888183594
-3.136186122894287,342.5347595214844
-2.525367259979248,343.9372253417969
-1.9217116832733154,345.3343505859375
-1.3242708444595337,346.7259826660156
-0.732979953289032,348.1121520996094
-0.12889856100082397,349.53729248046875
0.46975988149642944,350.9564514160156
1.064956784248352,352.36907958984375
1.6582714319229126,353.7744140625
2.248534679412842,355.1732177734375
2.8370070457458496,356.565185546875
3.4240453243255615,357.9501647949219
4.028019905090332,359.3711853027344
4.63067626953125,360.78472900390625
5.231755256652832,362.19110107421875
5.831730842590332,363.59014892578125
6.431093215942383,364.9817810058594
7.030081748962402,366.3660888671875
7.629195690155029,367.7426452636719
8.246943473815918,369.1529235839844
8.865205764770508,370.5556945800781
9.483741760253906,371.95123291015625
10.10248851776123,373.3393859863281
10.721884727478027,374.7203369140625
11.341947555541992,376.0942077636719
11.964872360229492,377.4599304199219
12.613126754760742,378.85546875
13.271862030029297,380.23907470703125
13.94558048248291,381.60833740234375
14.636639595031738,382.9618225097656
15.348175048828125,384.2978210449219
16.080806732177734,385.61566162109375
16.833646774291992,386.915283203125
17.629762649536133,388.232421875
18.448532104492188,389.52862548828125
19.290786743164062,390.8026428222656
20.158573150634766,392.05224609375
21.05312156677246,393.2755126953125
21.97460174560547,394.47119140625
22.923097610473633,395.63775634765625
23.926908493041992,396.80419921875
24.958829879760742,397.937255859375
26.017711639404297,399.03582763671875
27.105037689208984,400.0979309082031
28.21841049194336,401.12298583984375
29.35623550415039,402.1106262207031
30.518861770629883,403.0606689453125
31.734920501708984,403.9978942871094
32.97325134277344,404.89422607421875
34.233299255371094,405.7503662109375
35.51184844970703,406.5667724609375
36.81070327758789,407.339111328125
38.127960205078125,408.0688781738281
39.497047424316406,408.77227783203125
40.88228988647461,409.4305419921875
42.28235626220703,410.04150390625
43.693729400634766,410.60894775390625
45.118141174316406,411.12567138671875
46.55162811279297,411.597900390625
47.9951171875,412.021240234375
49.45057678222656,412.396484375
50.91658020019531,412.72430419921875
52.39210510253906,413.00531005859375
53.87604522705078,413.24041748046875
55.36475372314453,413.44244384765625
56.85745620727539,413.6111755371094
58.35307693481445,413.7507019042969
59.85274887084961,413.8569641113281
61.356201171875,413.9309997558594
62.86250305175781,413.9743957519531
64.37220001220703,413.98797607421875
65.88726806640625,413.97430419921875
67.40775299072266,413.932373046875
68.93376159667969,413.863037109375
70.46614074707031,413.76690673828125
71.96489715576172,413.6481628417969
73.4688720703125,413.5052795410156
74.97776794433594,413.3387756347656
76.49121856689453,413.1495666503906
78.0086898803711,412.9347839355469
79.49083709716797,412.7020263671875
80.97748565673828,412.4456481933594
82.46870422363281,412.1670837402344
83.96450805664062,411.8675537109375
85.46492767333984,411.54840087890625
86.92951965332031,411.21905517578125
88.39877319335938,410.8708190917969
89.87247467041016,410.5032958984375
91.35039520263672,410.1163330078125
92.8321762084961,409.70941162109375
94.27644348144531,409.2952880859375
95.72444915771484,408.86376953125
97.17638397216797,408.41473388671875
98.63228607177734,407.94805908203125
100.09239959716797,407.4639587402344
101.5142822265625,406.9761047363281
102.93998718261719,406.47198486328125
104.37023162841797,405.9522399902344
105.8050537109375,405.4173583984375
107.24420928955078,404.8669738769531
108.64479064941406,404.3188781738281
110.0484848022461,403.75830078125
111.45550537109375,403.1858825683594
112.86518096923828,402.6018981933594
114.27729034423828,402.0048828125
115.69306945800781,401.39654541015625
117.0699462890625,400.7956237792969
118.45030212402344,400.1837463378906
119.83318328857422,399.5600280761719
121.21871185302734,398.92535400390625
122.60700225830078,398.2795104980469
123.99761199951172,397.622802734375
125.39059448242188,396.9549560546875
126.74243927001953,396.2970886230469
128.09625244140625,395.62799072265625
129.45204162597656,394.9476318359375
130.80982971191406,394.2558898925781
132.17007446289062,393.55242919921875
133.5330352783203,392.8372802734375
134.89859008789062,392.11053466796875
136.22268676757812,391.3962097167969
137.54916381835938,390.67095947265625
138.87811279296875,389.935302734375
140.2096710205078,389.1891174316406
141.54354858398438,388.4322509765625
142.8796844482422,387.6647644042969
144.2183837890625,386.8865661621094
145.5146942138672,386.12567138671875
146.81338500976562,385.35748291015625
148.11473083496094,384.58355712890625
149.4188690185547,383.8038635253906
150.72613525390625,383.0185852050781
152.03692626953125,382.2283630371094
153.35118103027344,381.43438720703125
154.66897583007812,380.6380920410156
155.99017333984375,379.8404235839844
157.31590270996094,379.0421447753906
158.64654541015625,378.243896484375
159.93594360351562,377.47314453125
161.2299346923828,376.7027282714844
162.52806091308594,375.9333190917969
163.82965087890625,375.16583251953125
165.13426208496094,374.4004821777344
166.44139099121094,373.6372985839844
167.7502899169922,372.8764953613281
169.0609130859375,372.1181945800781
170.37387084960938,371.3617248535156
171.68923950195312,370.607177734375
173.0073699951172,369.85430908203125
174.32821655273438,369.10333251953125
175.65191650390625,368.3540344238281
176.97862243652344,367.60662841796875
178.3082733154297,366.86102294921875
179.64085388183594,366.1172790527344
180.97642517089844,365.3753967285156
182.3149871826172,364.63519287109375
183.6563720703125,363.8967590332031
185.00048828125,363.1597900390625
186.34732055664062,362.42431640625
187.6968231201172,361.6902160644531
189.04942321777344,360.95751953125
190.40513610839844,360.2258605957031
191.7638702392578,359.4955749511719
193.1256561279297,358.766357421875
194.49014282226562,358.03857421875
195.85775756835938,357.3114013671875
197.228515625,356.584228515625
198.60227966308594,355.8570556640625
199.9290771484375,355.1553039550781
201.2577667236328,354.4532470703125
202.58787536621094,353.7504577636719
203.91998291015625,353.04730224609375
205.25469970703125,352.34320068359375
206.59214782714844,351.6382751464844
207.9322967529297,350.9322814941406
209.27476501464844,350.2256774902344
210.61947631835938,349.51837158203125
211.96710205078125,348.8099060058594
213.318603515625,348.0997314453125
214.6751251220703,347.3873596191406
216.03790283203125,346.6723937988281
217.4071502685547,345.95489501953125
218.78326416015625,345.23492431640625
220.11549377441406,344.5398254394531
221.45481872558594,343.8434143066406
222.8014373779297,343.1455078125
224.1551971435547,342.4461364746094
225.51600646972656,341.7454528808594
226.882568359375,341.04443359375
228.24851989746094,340.3463439941406
229.6245880126953,339.64581298828125
231.0084991455078,338.94378662109375
232.3984375,338.2413330078125
233.74038696289062,337.56524658203125
235.08786010742188,336.8884582519531
236.44073486328125,336.2109375
237.79884338378906,335.5325012207031
239.1620635986328,334.8530578613281
240.5303955078125,334.1726379394531
241.90399169921875,333.4909362792969
243.28305053710938,332.80816650390625
244.66761779785156,332.1241455078125
246.05812072753906,331.43878173828125
247.45458984375,330.7519836425781
248.8571319580078,330.06365966796875
250.20909118652344,329.40130615234375
251.5663604736328,328.737548828125
252.92898559570312,328.0723571777344
254.29705810546875,327.40582275390625
255.67068481445312,326.73779296875
257.0494384765625,326.0682373046875
258.43310546875,325.3968811035156
259.82159423828125,324.7236022949219
261.2148132324219,324.0483093261719
262.61273193359375,323.3708801269531
264.01519775390625,322.6913757324219
265.4223327636719,322.009765625
266.7751770019531,321.3543395996094
268.1322021484375,320.6966247558594
269.4930419921875,320.0367431640625
270.8573913574219,319.3747253417969
272.2251281738281,318.710693359375
273.5960693359375,318.0446472167969
274.97027587890625,317.376708984375
276.3475646972656,316.70684814453125
277.7276916503906,316.0351257324219
279.1105041503906,315.3614807128906
280.49609375,314.6857604980469
281.8841857910156,314.0080261230469
283.2750244140625,313.32818603515625
284.668701171875,312.6460876464844
286.0649108886719,311.9619445800781
287.4638366699219,311.2756042480469
288.865478515625,310.5871276855469
290.2696533203125,309.8968200683594
291.6763610839844,309.2047119140625
293.0239562988281,308.5410461425781
294.3735046386719,307.8758239746094
295.72515869140625,307.2089538574219
297.0787353515625,306.5406188964844
298.4342956542969,305.87091064453125
299.7919921875,305.19970703125
301.1517333984375,304.52703857421875
302.5135498046875,303.85296630859375
303.87744140625,303.1775817871094
305.2430725097656,302.5009765625
306.6105041503906,301.822998046875
307.9799499511719,301.1436462402344
309.351318359375,300.463134765625
310.72442626953125,299.7813720703125
312.0993957519531,299.0983581542969
313.47637939453125,298.4140930175781
314.85546875,297.7284240722656
316.236572265625,297.0412902832031
317.6195068359375,296.3528747558594
319.0041809082031,295.6632080078125
320.3905944824219,294.972412109375
321.7785949707031,294.2804870605469
323.16839599609375,293.5873718261719
324.56011962890625,292.89306640625
325.95391845703125,292.1976318359375
327.3497619628906,291.5010681152344
328.7474060058594,290.8034362792969
330.1470642089844,290.10443115234375
331.5491638183594,289.4038391113281
332.95330810546875,288.7018127441406
334.2956237792969,288.0303649902344
335.6399230957031,287.35748291015625
336.986083984375,286.6832580566406
338.33404541015625,286.0076599121094
339.68389892578125,285.3304748535156
341.0355224609375,284.6518249511719
342.38897705078125,283.97174072265625
343.74456787109375,283.2902526855469
345.1022033691406,282.6078186035156
346.4620666503906,281.9244079589844
347.8242492675781,281.2399597167969
349.188720703125,280.5544738769531
350.555419921875,279.867919921875
351.9241943359375,279.1802978515625
353.295166015625,278.49151611328125
354.6682434082031,277.8015441894531
356.0434875488281,277.1103210449219
357.42095947265625,276.4177551269531
358.8006896972656,275.7239074707031
360.1827087402344,275.02862548828125
361.5670166015625,274.3319396972656
362.95367431640625,273.6339111328125
364.3427429199219,272.9345703125
365.7342529296875,272.23406982421875
367.12823486328125,271.5322265625
368.5246887207031,270.8290710449219
369.923583984375,270.1246032714844
371.3249206542969,269.418701171875
372.728759765625,268.71142578125
374.1349182128906,268.00286865234375
375.4764404296875,267.3267517089844
376.82037353515625,266.6492614746094
378.16644287109375,265.9707336425781
379.5146789550781,265.29107666015625
380.8652648925781,264.6101379394531
382.2181091308594,263.92803955078125
383.5732421875,263.2447509765625
384.9305725097656,262.560302734375
386.2899169921875,261.87481689453125
387.6510925292969,261.1885070800781
389.01422119140625,260.5013427734375
390.3793029785156,259.8131408691406
391.74609375,259.1239929199219
393.1146240234375,258.4339294433594
394.4848937988281,257.742919921875
395.8569641113281,257.0510559082031
397.2307434082031,256.3582763671875
398.606201171875,255.66452026367188
399.9833679199219,254.9697265625
401.36212158203125,254.27394104003906
402.7425231933594,253.5771026611328
404.1246032714844,252.87913513183594
405.5082702636719,252.18003845214844
406.89349365234375,251.4798126220703
408.28033447265625,250.77845764160156
409.6688232421875,250.0760498046875
411.0589294433594,249.37261962890625
412.4507141113281,248.66812133789062
413.8441467285156,247.96261596679688
415.2392578125,247.25616455078125
416.63604736328125,246.548828125
418.0345764160156,245.840576171875
419.43475341796875,245.13145446777344
420.8367919921875,244.4214324951172
422.2406311035156,243.71044921875
423.646240234375,242.9986114501953
425.0537109375,242.2859344482422
426.3927917480469,241.60816955566406
427.7337951660156,240.92977905273438
429.07623291015625,240.25103759765625
430.42010498046875,239.57191467285156
431.76544189453125,238.89251708984375
433.11212158203125,238.21295166015625
434.4599914550781,237.53318786621094
435.80902099609375,236.85333251953125
437.1592712402344,236.17332458496094
438.5108337402344,235.4931640625
439.8637390136719,234.81272888183594
441.2181701660156,234.13214111328125
442.57391357421875,233.45135498046875
443.9309387207031,232.7702178955078
445.28936767578125,232.0886688232422
446.64910888671875,231.40670776367188
448.010009765625,230.7245330810547
449.37176513671875,230.04209899902344
450.73431396484375,229.35963439941406
452.0974426269531,228.67715454101562
453.4610595703125,227.99440002441406
454.82501220703125,227.3114471435547
456.1893615722656,226.62823486328125
457.5540771484375,225.94471740722656
458.91900634765625,225.2609100341797
460.2843933105469,224.57699584960938
461.64990234375,223.8928985595703
463.0158996582031,223.20848083496094
464.3819885253906,222.52377319335938
465.7482604980469,221.8388214111328
467.11492919921875,221.15367126464844
468.48162841796875,220.4683074951172
469.84881591796875,219.7828369140625
471.2160949707031,219.09718322753906
472.5838928222656,218.41128540039062
473.95172119140625,217.72532653808594
475.3199462890625,217.03909301757812
476.6883544921875,216.3526611328125
478.0572204589844,215.66607666015625
479.42620849609375,214.97926330566406
480.79541015625,214.29226684570312
482.16497802734375,213.6050262451172
483.5345458984375,212.91751098632812
484.90447998046875,212.22979736328125
486.2746276855469,211.5418243408203
487.644775390625,210.85362243652344
489.015380859375,210.16526794433594
490.3861083984375,209.47671508789062
491.7571105957031,208.7879180908203
493.12841796875,208.0990753173828
494.4997253417969,207.41014099121094
495.87152099609375,206.72097778320312
497.243408203125,206.03150939941406
498.61541748046875,205.341796875
499.9878845214844,204.65203857421875
501.3603515625,203.9620361328125
502.7330322265625,203.2717742919922
504.1060791015625,202.58148193359375
505.4791564941406,201.8910369873047
506.8527526855469,201.20045471191406
508.22637939453125,200.50987243652344
509.6002502441406,199.81903076171875
510.9744567871094,199.12808227539062
512.3486938476562,198.43692016601562
513.722900390625,197.74562072753906
515.0977783203125,197.05416870117188
516.47314453125,196.36256408691406
517.8485107421875,195.6708221435547
519.223876953125,194.97882080078125
520.5992431640625,194.2867889404297
521.9747924804688,193.59454345703125
523.351318359375,192.9022216796875
524.7278442382812,192.20989990234375
526.1043701171875,191.51730346679688
527.4808959960938,190.82469177246094
528.85791015625,190.132080078125
530.235595703125,189.43919372558594
531.61328125,188.7462921142578
532.990966796875,188.05328369140625
534.36865234375,187.36009216308594
535.7465209960938,186.66671752929688
537.1253662109375,185.97325134277344
538.5042114257812,185.27976989746094
539.883056640625,184.58599853515625
541.2619018554688,183.89222717285156
542.6409301757812,183.19833374023438
544.0208740234375,182.50428771972656
545.40087890625,181.8102264404297
546.7808837890625,181.1160125732422
548.160888671875,180.42166137695312
549.54150390625,179.72718811035156
550.9226684570312,179.0325469970703
552.3038330078125,178.33779907226562
553.6849975585938,177.6428680419922
555.0663452148438,176.94778442382812
556.4486694335938,176.25250244140625
557.8309936523438,175.55699157714844
559.2133178710938,174.86148071289062
560.595947265625,174.16578674316406
561.9794311523438,173.46987915039062
563.3629150390625,172.77378845214844
564.7464599609375,172.07742309570312
566.1309204101562,171.38079833984375
567.5155639648438,170.68385314941406
568.9002075195312,169.98651123046875
570.28515625,169.28897094726562
571.6709594726562,168.5911865234375
573.0567626953125,167.8933563232422
574.4428100585938,167.1953582763672
575.8297729492188,166.49720764160156
577.2167358398438,165.7987518310547
578.6036987304688,165.0998992919922
579.9909057617188,164.40087890625
581.3785400390625,163.70152282714844
582.7666625976562,163.00173950195312
584.15478515625,162.3015899658203
585.5429077148438,161.6014404296875
586.9310302734375,160.90150451660156
588.3190307617188,160.20169067382812
589.7056884765625,159.50234985351562
591.0899047851562,158.80413818359375
592.4700927734375,158.10781860351562
593.845947265625,157.4134521484375
595.2176513671875,156.720947265625
596.585205078125,156.03038024902344
597.9483642578125,155.34185791015625
599.307373046875,154.65524291992188
600.6622924804688,153.9703369140625
602.012939453125,153.28724670410156
603.3596801757812,152.6060333251953
604.7022094726562,151.9266815185547
606.0406494140625,151.2492218017578
607.4451293945312,150.5381317138672
608.84521484375,149.82920837402344
610.240966796875,149.12246704101562
611.6322021484375,148.4178009033203
613.01904296875,147.71511840820312
614.4013671875,147.01425170898438
615.779052734375,146.315185546875
617.1525268554688,145.61782836914062
618.521728515625,144.92225646972656
619.8865356445312,144.22860717773438
621.2468872070312,143.53695678710938
622.6030883789062,142.8470458984375
623.9552001953125,142.15899658203125
625.3030395507812,141.47279357910156
626.6466674804688,140.78846740722656
627.986083984375,140.10601806640625
629.3878784179688,139.39151000976562
630.78515625,138.6790313720703
632.1778564453125,137.9684600830078
633.5659790039062,137.25982666015625
634.9494018554688,136.5529022216797
636.3280639648438,135.847412109375
637.7019653320312,135.14329528808594
639.0711669921875,134.4405975341797
640.4356079101562,133.73934936523438
641.7953491210938,133.03952026367188
643.150390625,132.34115600585938
644.5010986328125,131.6441192626953
645.8483276367188,130.94798278808594
647.1929321289062,130.2523956298828
648.5349731445312,129.55723571777344
649.8744506835938,128.86253356933594
651.2112426757812,128.168212890625
652.5454711914062,127.4742431640625
653.8770141601562,126.78071594238281
655.2694091796875,126.05462646484375
656.6593017578125,125.32888793945312
658.0466918945312,124.60348510742188
659.4315795898438,123.87844848632812
660.8140258789062,123.15380859375
662.1940307617188,122.42977142333984
663.5716552734375,121.7062759399414
664.9468994140625,120.98332214355469
666.31982421875,120.26073455810547
667.6903686523438,119.53846740722656
669.0586547851562,118.81649017333984
670.4248657226562,118.09437561035156
671.7894287109375,117.37210083007812
673.1520385742188,116.6495361328125
674.5131225585938,115.92664337158203
675.8726806640625,115.20331573486328
677.2307739257812,114.4792709350586
678.5875854492188,113.75434112548828
679.94287109375,113.02842712402344
681.2966918945312,112.3012924194336
682.6488647460938,111.57292175292969
683.9994506835938,110.84326934814453
685.3484497070312,110.11224365234375
686.6958618164062,109.37987518310547
688.04150390625,108.64605712890625
689.3855590820312,107.91080474853516
690.727783203125,107.17426300048828
692.0682373046875,106.43647003173828
693.4066162109375,105.6973648071289
694.7432250976562,104.95703887939453
696.07763671875,104.21548461914062
697.4103393554688,103.47274017333984
698.7410278320312,102.72888946533203
700.06982421875,101.98394012451172
701.39697265625,101.2378921508789
702.7220458984375,100.49089050292969
704.0452880859375,99.74295806884766
705.3668212890625,98.99391174316406
706.6863403320312,98.2438735961914
708.0040893554688,97.49286651611328
709.3199462890625,96.74077606201172
710.6338500976562,95.98759460449219
711.946044921875,95.23345184326172
713.2562866210938,94.47836303710938
714.5647583007812,93.72254180908203
715.87158203125,92.96607208251953
717.1768798828125,92.20899963378906
718.4806518554688,91.45160675048828
719.7827758789062,90.69410705566406
721.0835571289062,89.93632507324219
722.3828125,89.17829132080078
723.6805419921875,88.42008972167969
724.976806640625,87.66166687011719
726.2715454101562,86.90306091308594
727.6234741210938,86.10990905761719
728.9734497070312,85.31653594970703
730.3221435546875,84.52291107177734
731.6692504882812,83.72915649414062
733.014892578125,82.93559265136719
734.359375,82.14228820800781
735.7019653320312,81.34947204589844
737.0419311523438,80.5575180053711
738.378173828125,79.76673126220703
739.7088623046875,78.97811889648438
741.0338134765625,78.19174194335938
742.352783203125,77.40741729736328
743.6658325195312,76.62496948242188
744.9727783203125,75.8443603515625
746.2738037109375,75.06551361083984
747.5684814453125,74.28848266601562
748.8572387695312,73.51322174072266
750.1957397460938,72.70599365234375
751.5277099609375,71.90076446533203
752.853515625,71.0975570678711
754.1729125976562,70.29637145996094
755.4855346679688,69.49726867675781
756.7919311523438,68.70001220703125
758.0921020507812,67.9044418334961
759.385986328125,67.1108627319336
760.6737060546875,66.31919860839844
761.9552612304688,65.52942657470703
763.283935546875,64.7088394165039
764.60595703125,63.890419006347656
765.9216918945312,63.0743408203125
767.2312622070312,62.26079559326172
768.5348510742188,61.44983673095703
769.8323974609375,60.64151382446289
771.1243896484375,59.83578109741211
772.41064453125,59.03275680541992
773.6906127929688,58.23281478881836
774.9647827148438,57.435569763183594
776.283447265625,56.608848571777344
777.5956420898438,55.784942626953125
778.9014282226562,54.963558197021484
780.2005004882812,54.14417266845703
781.4924926757812,53.32638168334961
782.777587890625,52.51009750366211
784.0558471679688,51.695438385009766
785.3271484375,50.88228988647461
786.59130859375,50.07033157348633
787.8966674804688,49.22652053833008
789.1941528320312,48.37995910644531
790.4829711914062,47.52942657470703
791.7625122070312,46.673545837402344
793.031982421875,45.8111457824707
794.2913818359375,44.94169998168945
795.5411376953125,44.06450271606445
796.78125,43.179141998291016
798.0117797851562,42.285526275634766
799.2327880859375,41.38383102416992
800.4444580078125,40.47452163696289
801.6466064453125,39.557125091552734
802.8392333984375,38.632266998291016
804.0221557617188,37.69987487792969
805.19580078125,36.76013946533203
806.3600463867188,35.8126335144043
807.5575561523438,34.82191467285156
808.7445678710938,33.822532653808594
809.9203491210938,32.81382751464844
811.0838623046875,31.795011520385742
812.2349853515625,30.766157150268555
813.3729858398438,29.72721290588379
814.4979858398438,28.678319931030273
815.6090087890625,27.61876106262207
816.70654296875,26.549108505249023
817.790283203125,25.469324111938477
818.861083984375,24.379573822021484
819.918212890625,23.278602600097656
820.963623046875,22.166580200195312
821.9957275390625,21.04208755493164
823.0157470703125,19.906658172607422
824.022705078125,18.759492874145508
825.016845703125,17.60120391845703
825.9985961914062,16.43242073059082
826.96728515625,15.252668380737305
827.9227294921875,14.062263488769531
828.8643188476562,12.861181259155273
829.791015625,11.649686813354492
830.7027587890625,10.427966117858887
831.5982666015625,9.196550369262695
832.4768676757812,7.9556427001953125
833.3374633789062,6.705386638641357
834.1798706054688,5.445847511291504
835.0025024414062,4.1770524978637695
835.8058471679688,2.899700164794922
836.5902099609375,1.6140738725662231
837.354736328125,0.32021352648735046
838.1253662109375,-1.0282217264175415
838.8733520507812,-2.3857479095458984
839.5994873046875,-3.751445770263672
840.304931640625,-5.124853134155273
840.9879150390625,-6.506791591644287
841.6500244140625,-7.896798610687256
842.2909545898438,-9.29548168182373
842.9125366210938,-10.70276927947998
843.5145263671875,-12.119120597839355
844.0974731445312,-13.544539451599121
844.660888671875,-14.97921085357666
845.2046508789062,-16.42290687561035
845.7284545898438,-17.875503540039062
846.2318115234375,-19.336851119995117
846.7155151367188,-20.806442260742188
847.1785888671875,-22.28416633605957
847.6213989257812,-23.769521713256836
848.0423583984375,-25.262489318847656
848.4407958984375,-26.762659072875977
848.8155517578125,-28.269794464111328
849.1546630859375,-29.73137664794922
849.4713745117188,-31.198646545410156
849.7652587890625,-32.671112060546875
850.0359497070312,-34.14884567260742
850.2820434570312,-35.63162612915039
850.5034790039062,-37.11861038208008
850.7002563476562,-38.60965347290039
850.872314453125,-40.104434967041016
851.0203857421875,-41.60270690917969
851.1441040039062,-43.10404968261719
851.2435913085938,-44.6081428527832
851.3193969726562,-46.1144905090332
851.3721923828125,-47.622802734375
851.40283203125,-49.132667541503906
851.4119262695312,-50.643978118896484
851.3995361328125,-52.155887603759766
851.3638305664062,-53.668243408203125
851.3038330078125,-55.18036651611328
851.2211303710938,-56.6920280456543
851.1150512695312,-58.20287322998047
850.9927368164062,-59.71352005004883
850.8486938476562,-61.22297286987305
850.682373046875,-62.730777740478516
850.4920654296875,-64.23591613769531
850.2771606445312,-65.73795318603516
850.0380249023438,-67.23689270019531
849.7736206054688,-68.73235321044922
849.4839477539062,-70.22413635253906
849.1692504882812,-71.71188354492188
848.8303833007812,-73.19529724121094
848.467041015625,-74.67371368408203
848.0795288085938,-76.1470947265625
847.6681518554688,-77.61483001708984
847.2326049804688,-79.07661437988281
846.7718505859375,-80.53178405761719
846.285400390625,-81.97949981689453
845.7791137695312,-83.4219970703125
845.2507934570312,-84.85791015625
844.7012329101562,-86.28714752197266
844.1314086914062,-87.70983123779297
843.5421752929688,-89.12590026855469
842.9337768554688,-90.53520202636719
842.3065185546875,-91.93753814697266
841.6602783203125,-93.33259582519531
840.9950561523438,-94.72010040283203
840.3104248046875,-96.0996322631836
839.6068725585938,-97.47105407714844
838.8843994140625,-98.83393096923828
838.1437377929688,-100.1882095336914
837.3853149414062,-101.5339126586914
836.609619140625,-102.87098693847656
835.8164672851562,-104.19913482666016
835.0062866210938,-105.5184097290039
834.1787719726562,-106.82833099365234
833.334716796875,-108.12905883789062
832.4734497070312,-109.41991424560547
831.595458984375,-110.70098114013672
830.7006225585938,-111.97220611572266
829.822265625,-113.18880462646484
828.9288940429688,-114.39620208740234
828.0203247070312,-115.5942153930664
827.096923828125,-116.78260803222656
826.15869140625,-117.96116638183594
825.205078125,-119.12945556640625
824.236572265625,-120.28732299804688
823.2527465820312,-121.43429565429688
822.254150390625,-122.57057189941406
821.2407836914062,-123.6960220336914
820.2127685546875,-124.8102035522461
819.1698608398438,-125.91277313232422
818.112060546875,-127.0033187866211
817.039794921875,-128.0819549560547
815.9529418945312,-129.14842224121094
814.8518676757812,-130.20254516601562
813.7365112304688,-131.24420166015625
812.6076049804688,-132.27366638183594
811.4655151367188,-133.29115295410156
810.3108520507812,-134.2968292236328
809.1436157226562,-135.29078674316406
807.9641723632812,-136.2728271484375
806.7721557617188,-137.24246215820312
805.5673828125,-138.19882202148438
804.3499755859375,-139.1420440673828
803.1203002929688,-140.07232666015625
801.87890625,-140.9901123046875
800.6262817382812,-141.8957061767578
799.3632202148438,-142.7897491455078
798.0897216796875,-143.67259216308594
796.806640625,-144.5452117919922
795.5150756835938,-145.4088134765625
794.2151489257812,-146.26370239257812
792.9559326171875,-147.07920837402344
791.68994140625,-147.88792419433594
790.4173583984375,-148.69007873535156
789.13916015625,-149.4866180419922
787.8551635742188,-150.2779541015625
786.5654907226562,-151.0630340576172
785.2694702148438,-151.84030151367188
783.966064453125,-152.60858154296875
782.6567993164062,-153.36990356445312
781.341552734375,-154.1245574951172
780.02001953125,-154.8717041015625
778.6923828125,-155.611572265625
777.3590087890625,-156.34457397460938
776.0200805664062,-157.07090759277344
774.6755981445312,-157.79049682617188
773.3263549804688,-158.50469970703125
771.9721069335938,-159.2132110595703
770.6138916015625,-159.91786193847656
769.252197265625,-160.62054443359375
767.8877563476562,-161.32179260253906
766.521240234375,-162.02294921875
765.1536865234375,-162.72569274902344
763.7843627929688,-163.4307098388672
762.4139404296875,-164.13880920410156
761.0428466796875,-164.8507537841797
759.6707763671875,-165.56626892089844
758.29833984375,-166.28604125976562
756.9257202148438,-167.01051330566406
755.5530395507812,-167.73880004882812
754.1797485351562,-168.4706573486328
752.8054809570312,-169.20555114746094
751.4312133789062,-169.9435577392578
750.1098022460938,-170.65829467773438
748.7893676757812,-171.37820434570312
747.46826171875,-172.10147094726562
746.1465454101562,-172.82705688476562
744.8238525390625,-173.55612182617188
743.5006103515625,-174.28785705566406
742.1759643554688,-175.02099609375
740.8496704101562,-175.7554931640625
739.5221557617188,-176.49176025390625
738.1932983398438,-177.23085021972656
736.8642578125,-177.9735870361328
735.534912109375,-178.71934509277344
734.2039184570312,-179.4672393798828
732.8711547851562,-180.2164306640625
731.5366821289062,-180.9670867919922
730.2005615234375,-181.71969604492188
728.8638916015625,-182.4751434326172
727.5258178710938,-183.2339324951172
726.1876220703125,-183.99644470214844
724.8494262695312,-184.76307678222656
723.5115356445312,-185.53480529785156
722.1748657226562,-186.31214904785156
720.839111328125,-187.09571838378906
719.5048828125,-187.88616943359375
718.1723022460938,-188.68370056152344
716.8414306640625,-189.48818969726562
715.5119018554688,-190.29908752441406
714.182861328125,-191.11514282226562
712.8538208007812,-191.93609619140625
711.5779418945312,-192.7294921875
710.3034057617188,-193.52810668945312
709.0291137695312,-194.33187866210938
707.756103515625,-195.1409149169922
706.4834594726562,-195.95465087890625
705.2119750976562,-196.77354431152344
703.9415283203125,-197.59754943847656
702.6722412109375,-198.4268798828125
701.4041748046875,-199.26156616210938
700.137451171875,-200.10169982910156
698.8718872070312,-200.94703674316406
697.6077270507812,-201.797607421875
696.344970703125,-202.6533660888672
695.0836181640625,-203.51431274414062
693.8236694335938,-204.38037109375
692.565185546875,-205.25157165527344
691.3085327148438,-206.12789916992188
690.0536499023438,-207.00970458984375
688.80029296875,-207.896240234375
687.5487060546875,-208.78768920898438
686.2986450195312,-209.68370056152344
685.0502319335938,-210.58421325683594
683.803466796875,-211.48915100097656
682.5586547851562,-212.3986358642578
681.3154907226562,-213.31260681152344
680.0740966796875,-214.23117065429688
678.8345336914062,-215.1542205810547
677.5973510742188,-216.0820770263672
676.3624877929688,-217.01504516601562
675.1304321289062,-217.9531707763672
673.9011840820312,-218.8965301513672
672.6749877929688,-219.84500122070312
671.4517822265625,-220.79806518554688
670.2317504882812,-221.75596618652344
669.0148315429688,-222.7185821533203
667.8010864257812,-223.68556213378906
666.58984375,-224.65625
665.3804321289062,-225.62962341308594
664.172607421875,-226.60569763183594
662.9664306640625,-227.5846405029297
661.7620849609375,-228.56619262695312
660.560546875,-229.54959106445312
659.3632202148438,-230.533935546875
658.1720581054688,-231.5175323486328
656.9873046875,-232.5001220703125
655.80859375,-233.48126220703125
654.6356811523438,-234.46067810058594
653.4683227539062,-235.43817138671875
652.3065795898438,-236.41380310058594
651.150390625,-237.3873291015625
649.9996948242188,-238.35877990722656
648.8544311523438,-239.32803344726562
647.6669311523438,-240.3350830078125
646.4850463867188,-241.33938598632812
645.3082885742188,-242.34066772460938
644.1368408203125,-243.3390655517578
642.9705810546875,-244.3344268798828
641.809814453125,-245.3268585205078
640.6546020507812,-246.31643676757812
639.5052490234375,-247.30404663085938
638.3619995117188,-248.28965759277344
637.2247314453125,-249.27330017089844
636.0482788085938,-250.29396057128906
634.8777465820312,-251.312255859375
633.7130737304688,-252.328125
632.5538940429688,-253.3411407470703
631.4004516601562,-254.3515625
630.2522583007812,-255.3591766357422
629.1084594726562,-256.3650207519531
627.9678344726562,-257.3703308105469
626.8214721679688,-258.3826904296875
625.669677734375,-259.40234375
624.5255126953125,-260.41766357421875
623.3882446289062,-261.42913818359375
622.2582397460938,-262.4365539550781
621.1350708007812,-263.4399108886719
619.9765014648438,-264.4777526855469
618.825439453125,-265.51171875
617.68212890625,-266.54205322265625
616.5465698242188,-267.5689392089844
615.4190063476562,-268.59228515625
614.2991943359375,-269.61248779296875
613.1868896484375,-270.629150390625
612.0408935546875,-271.67962646484375
610.9025268554688,-272.7259521484375
609.771728515625,-273.76837158203125
608.6484375,-274.80718994140625
607.5327758789062,-275.8424377441406
606.425537109375,-276.8751220703125
605.3272094726562,-277.9059143066406
604.1982421875,-278.970947265625
603.076904296875,-280.031982421875
601.9615478515625,-281.08770751953125
600.8519897460938,-282.1379089355469
599.74755859375,-283.1817932128906
598.6478271484375,-284.2190246582031
597.5526123046875,-285.2499084472656
596.4246215820312,-286.30963134765625
595.3017578125,-287.363525390625
594.18408203125,-288.4111633300781
593.0711669921875,-289.4523620605469
591.9629516601562,-290.4871520996094
590.8593139648438,-291.5150451660156
589.7238159179688,-292.5691833496094
588.5927734375,-293.6150817871094
587.4661254882812,-294.6527404785156
586.3446655273438,-295.6831359863281
585.2291870117188,-296.7070007324219
584.1195068359375,-297.72479248046875
582.9803466796875,-298.7696533203125
581.847900390625,-299.8092041015625
580.7221069335938,-300.8443298339844
579.6031494140625,-301.8748779296875
578.4906005859375,-302.9005432128906
577.3836059570312,-303.9205017089844
576.247802734375,-304.9665832519531
575.117919921875,-306.0068664550781
573.9937133789062,-307.0409851074219
572.874755859375,-308.068603515625
571.7606811523438,-309.088623046875
570.6522216796875,-310.09979248046875
569.5166625976562,-311.13104248046875
568.3884887695312,-312.1518249511719
567.267822265625,-313.16278076171875
566.1218872070312,-314.1937561035156
564.9835815429688,-315.2156982421875
563.8527221679688,-316.2291564941406
562.7288818359375,-317.2342529296875
561.5798950195312,-318.2603759765625
560.4373779296875,-319.279541015625
559.301513671875,-320.2927551269531
558.1725463867188,-321.3006286621094
557.0509033203125,-322.3038635253906
555.9070434570312,-323.3315734863281
554.7743530273438,-324.3582458496094
553.6549682617188,-325.3870849609375
552.5509033203125,-326.42034912109375
551.46337890625,-327.459716796875
550.3662719726562,-328.53564453125
549.292236328125,-329.6227722167969
548.24462890625,-330.7237854003906
547.2264404296875,-331.8399963378906
546.239990234375,-332.9731140136719
545.2613525390625,-334.15301513671875
544.3206176757812,-335.3517761230469
543.417724609375,-336.5684814453125
542.554931640625,-337.8030090332031
541.712646484375,-339.0871887207031
540.915283203125,-340.38885498046875
540.1651000976562,-341.70745849609375
539.4601440429688,-343.0407409667969
538.7832641601562,-344.4200744628906
538.153076171875,-345.81109619140625
537.572265625,-347.21319580078125
537.0429077148438,-348.62518310546875
536.55908203125,-350.08172607421875
536.1310424804688,-351.5448913574219
535.7630004882812,-353.0135192871094
535.4560546875,-354.4854431152344
535.2081298828125,-355.99322509765625
535.030029296875,-357.4995422363281
534.9238891601562,-359.00103759765625
534.890869140625,-360.53265380859375
534.936767578125,-362.0595397949219
535.0635375976562,-363.5799560546875
535.2714233398438,-365.09014892578125
535.552001953125,-366.5896301269531
535.901611328125,-368.0775146484375
536.3165283203125,-369.55340576171875
536.7821044921875,-370.98529052734375
537.305908203125,-372.4063720703125
537.8842163085938,-373.8164978027344
538.513916015625,-375.2157287597656
539.178466796875,-376.56976318359375
539.8910522460938,-377.9085998535156
540.6495971679688,-379.2297058105469
541.448974609375,-380.5301208496094
542.2804565429688,-381.8092956542969
543.1336059570312,-383.07269287109375
544.0005493164062,-384.3264465332031
544.8796997070312,-385.5716552734375
545.7698974609375,-386.8082275390625
546.6641845703125,-388.0386047363281
547.5484619140625,-389.2647399902344
548.4153442382812,-390.4894104003906
549.2850952148438,-391.7424621582031
550.13916015625,-392.99688720703125
550.9747924804688,-394.2553405761719
551.7836303710938,-395.52325439453125
552.5736694335938,-396.83135986328125
553.3259887695312,-398.1528015136719
554.0403442382812,-399.4903564453125
554.713134765625,-400.8458557128906
555.3410034179688,-402.2213134765625
555.923583984375,-403.61834716796875
556.461181640625,-405.0380554199219
556.9524536132812,-406.47906494140625
557.3993530273438,-407.9405822753906
557.803466796875,-409.42138671875
558.1548461914062,-410.8868713378906
558.46337890625,-412.3682556152344
558.7293701171875,-413.8636169433594
558.9549560546875,-415.3718566894531
559.1445922851562,-416.8917541503906
559.2940063476562,-418.3865661621094
559.4078979492188,-419.8912658691406
559.4854125976562,-421.40484619140625
559.5260620117188,-422.926513671875
559.5300903320312,-424.45538330078125
559.498046875,-425.99090576171875
559.43310546875,-427.49517822265625
559.333984375,-429.0041809082031
559.2030029296875,-430.5167541503906
559.0357055664062,-432.03173828125
558.8307495117188,-433.5482177734375
558.5885620117188,-435.064697265625
558.31640625,-436.54412841796875
558.0101928710938,-438.0223388671875
557.669921875,-439.4988708496094
557.29345703125,-440.9721984863281
556.8803100585938,-442.44158935546875
556.429931640625,-443.9057312011719
555.940673828125,-445.3622131347656
555.4256591796875,-446.774658203125
554.8733520507812,-448.17926025390625
554.2830810546875,-449.5748291015625
553.6549072265625,-450.9598388671875
552.9893798828125,-452.3332214355469
552.286376953125,-453.69390869140625
551.5457763671875,-455.0406188964844
550.7897338867188,-456.3393859863281
550.0014038085938,-457.6250305175781
549.1812744140625,-458.896240234375
548.3299560546875,-460.1527099609375
547.4480590820312,-461.3936767578125
546.53515625,-462.61773681640625
545.5919189453125,-463.82373046875
544.6187744140625,-465.01080322265625
543.6177978515625,-466.1795654296875
542.6174926757812,-467.30029296875
541.5918579101562,-468.4023132324219
540.5424194335938,-469.48577880859375
539.4711303710938,-470.55194091796875
538.3809814453125,-471.6031188964844
537.2754516601562,-472.64239501953125
536.15234375,-473.66656494140625
535.0139770507812,-474.6775207519531
533.8534545898438,-475.6670227050781
532.6755981445312,-476.64056396484375
531.4815673828125,-477.5991516113281
530.2723388671875,-478.5434875488281
529.0482177734375,-479.4740905761719
527.8099975585938,-480.39044189453125
526.5936279296875,-481.2691650390625
525.3661499023438,-482.1371154785156
524.1279296875,-482.9962463378906
522.8795166015625,-483.84674072265625
521.6220092773438,-484.6886901855469
520.3565673828125,-485.5228271484375
519.0834350585938,-486.3489685058594
517.803466796875,-487.166748046875
516.51708984375,-487.9765930175781
515.224609375,-488.7783203125
513.9263305664062,-489.5714111328125
512.6221313476562,-490.3543395996094
511.3115539550781,-491.1261901855469
509.99615478515625,-491.889892578125
508.6777648925781,-492.64813232421875
507.3447570800781,-493.37982177734375
506.0032653808594,-494.096435546875
504.6539306640625,-494.7979431152344
503.2959899902344,-495.4828186035156
501.92901611328125,-496.1508483886719
500.55340576171875,-496.80224609375
499.16943359375,-497.43780517578125
497.7775573730469,-498.0578308105469
496.3785095214844,-498.6623229980469
494.97259521484375,-499.25103759765625
493.5605163574219,-499.82464599609375
492.1424255371094,-500.3824462890625
490.7183532714844,-500.9252014160156
489.2881164550781,-501.4525451660156
487.8517761230469,-501.96453857421875
486.40936279296875,-502.4609069824219
484.96112060546875,-502.9419250488281
483.5072021484375,-503.4072265625
482.04754638671875,-503.8565979003906
480.5816650390625,-504.2901611328125
479.10986328125,-504.7076721191406
477.63189697265625,-505.10870361328125
476.1478576660156,-505.4925231933594
474.65777587890625,-505.85858154296875
473.16180419921875,-506.2066650390625
471.66015625,-506.5363464355469
470.153076171875,-506.84698486328125
468.6412048339844,-507.1379699707031
467.124755859375,-507.4083557128906
465.603515625,-507.65771484375
464.07769775390625,-507.8858947753906
462.5897521972656,-508.0872497558594
461.0976257324219,-508.26800537109375
459.60162353515625,-508.42816162109375
458.1012878417969,-508.567138671875
456.5968017578125,-508.68511962890625
455.0883483886719,-508.7814636230469
453.5765380859375,-508.8562316894531
452.0613708496094,-508.90985107421875
450.54339599609375,-508.94171142578125
449.0224914550781,-508.9519958496094
447.499267578125,-508.94024658203125
445.9737243652344,-508.9060974121094
444.44610595703125,-508.850341796875
442.9176330566406,-508.773193359375
441.3882751464844,-508.6746520996094
439.8585205078125,-508.5535583496094
438.3284912109375,-508.41058349609375
436.79864501953125,-508.2452697753906
435.2697448730469,-508.0590515136719
433.74127197265625,-507.8533630371094
432.2568359375,-507.6361389160156
430.7731018066406,-507.4031982421875
429.29052734375,-507.1541748046875
427.80938720703125,-506.8906555175781
426.3299865722656,-506.6117858886719
424.8520812988281,-506.31927490234375
423.37548828125,-506.01287841796875
421.8998718261719,-505.69598388671875
420.4263916015625,-505.3640441894531
418.95550537109375,-505.0150146484375
417.48504638671875,-504.65570068359375
416.0169372558594,-504.2816162109375
414.55108642578125,-503.8924255371094
413.0880126953125,-503.4876403808594
411.62774658203125,-503.0674743652344
410.1705627441406,-502.6316833496094
408.71673583984375,-502.18017578125
407.2665710449219,-501.71282958984375
405.8202819824219,-501.22955322265625
404.3779602050781,-500.73028564453125
402.9398193359375,-500.21502685546875
401.50634765625,-499.6838684082031
400.0772705078125,-499.137451171875
398.65301513671875,-498.5756530761719
397.23333740234375,-497.9997863769531
395.81793212890625,-497.41064453125
394.4070739746094,-496.8081970214844
393.0009460449219,-496.1926574707031
391.59942626953125,-495.5641784667969
390.2026672363281,-494.9229431152344
388.8104248046875,-494.2698974609375
387.42236328125,-493.6058349609375
386.03863525390625,-492.9309997558594
384.6593322753906,-492.24542236328125
383.2843933105469,-491.54931640625
381.9131164550781,-490.8442077636719
380.5453186035156,-490.130615234375
379.1809997558594,-489.4088439941406
377.8197326660156,-488.6796569824219
376.46142578125,-487.9436340332031
375.1456298828125,-487.22296142578125
373.832275390625,-486.4967041015625
372.52105712890625,-485.76519775390625
371.2121276855469,-485.0284729003906
369.9056091308594,-484.2866516113281
368.6015319824219,-483.5396423339844
367.2997131347656,-482.7874755859375
366.0005187988281,-482.03009033203125
364.7037048339844,-481.2676086425781
363.40948486328125,-480.4997863769531
362.1178894042969,-479.72662353515625
360.82891845703125,-478.9478454589844
359.5429992675781,-478.1631164550781
358.26019287109375,-477.3721923828125
356.98028564453125,-476.5746765136719
355.7026672363281,-475.7717590332031
354.4281005859375,-474.9619140625
353.15655517578125,-474.14569091796875
351.8915100097656,-473.31787109375
350.6319274902344,-472.4807434082031
349.3767395019531,-471.6358337402344
348.1259765625,-470.78363037109375
346.8797912597656,-469.9236755371094
345.6372985839844,-469.05694580078125
344.398193359375,-468.1836242675781
343.1625061035156,-467.3033447265625
341.93011474609375,-466.4166259765625
340.7010192871094,-465.5247497558594
339.4755554199219,-464.62835693359375
338.2530212402344,-463.7279968261719
337.0333557128906,-462.8235778808594
335.81622314453125,-461.9145812988281
334.6014709472656,-461.0021057128906
333.3890075683594,-460.0863952636719
332.17852783203125,-459.1676940917969
330.9696044921875,-458.24615478515625
329.7616882324219,-457.3214416503906
328.5551452636719,-456.3940124511719
327.3499755859375,-455.46417236328125
326.1455993652344,-454.53240966796875
324.941650390625,-453.59991455078125
323.7356262207031,-452.6688232421875
322.5293884277344,-451.73699951171875
321.3279724121094,-450.7967529296875
320.12652587890625,-449.85467529296875
318.9250793457031,-448.91107177734375
317.7237854003906,-447.9659423828125
316.5223388671875,-447.01959228515625
315.3208923339844,-446.0719299316406
314.1186828613281,-445.1233215332031
312.9153747558594,-444.17401123046875
311.7119445800781,-443.2243347167969
310.50787353515625,-442.274658203125
309.3021545410156,-441.3250732421875
308.094970703125,-440.37567138671875
306.88604736328125,-439.4262390136719
305.6759033203125,-438.4775390625
304.46478271484375,-437.52886962890625
303.251708984375,-436.5804748535156
302.03759765625,-435.6328125
300.8216247558594,-434.6851501464844
299.6039733886719,-433.73797607421875
298.3841247558594,-432.7918395996094
297.1622314453125,-431.8466491699219
295.93798828125,-430.90228271484375
294.7490234375,-429.9876708984375
293.55841064453125,-429.07427978515625
292.3663635253906,-428.16217041015625
291.17303466796875,-427.2510070800781
289.97882080078125,-426.34051513671875
288.78350830078125,-425.4305725097656
287.5871887207031,-424.52142333984375
286.3899230957031,-423.61322021484375
285.1912841796875,-422.7059631347656
283.9908142089844,-421.7986145019531
282.7884826660156,-420.8913879394531
281.5842590332031,-419.9841613769531
280.3780822753906,-419.0769348144531
279.17022705078125,-418.1697082519531
277.96087646484375,-417.262939453125
276.7503662109375,-416.3565979003906
275.5382080078125,-415.45068359375
274.3246765136719,-414.54541015625
273.1097106933594,-413.6405944824219
271.8936462402344,-412.7362976074219
270.6768493652344,-411.8327331542969
269.459228515625,-410.9300842285156
268.24053955078125,-410.0282897949219
267.0202941894531,-409.1274719238281
265.7989807128906,-408.2281188964844
264.5766296386719,-407.3302001953125
263.35333251953125,-406.4334411621094
262.1622619628906,-405.5630798339844
260.9792785644531,-404.6995849609375
259.8001403808594,-403.8406677246094
258.6217041015625,-402.983642578125
257.4425964355469,-402.12652587890625
256.26385498046875,-401.271240234375
255.0848846435547,-400.41668701171875
253.90554809570312,-399.5625
252.7259063720703,-398.7085266113281
251.54525756835938,-397.85357666015625
250.36512756347656,-396.99969482421875
249.18478393554688,-396.14593505859375
248.0036163330078,-395.2908630371094
246.8231201171875,-394.4371643066406
245.64224243164062,-393.5831604003906
244.45936584472656,-392.7273254394531
243.2737579345703,-391.8695373535156
242.08351135253906,-391.00946044921875
240.88421630859375,-390.1434326171875
239.6708221435547,-389.2672119140625
238.4399871826172,-388.37939453125
237.1897430419922,-387.479248046875
235.91957092285156,-386.5658874511719
234.63214111328125,-385.64044189453125
